{
    "types": {
        "types": {
            "DEL": 31,
            "INS": 46
        },
        "types_by_sample": {
            "DEL": [
                26,
                0,
                23,
                0,
                0,
                0,
                1,
                0,
                0,
                26
            ],
            "INS": [
                26,
                1,
                21,
                0,
                1,
                1,
                0,
                5,
                1,
                28
            ]
        },
        "types_by_choc": {
            "DEL": [
                31,
                1
            ],
            "INS": [
                39,
                8
            ]
        }
    },
    "lengths": {
        "DEL": [
            33.0,
            20.0,
            50.0,
            27.0,
            19.0,
            75.0,
            25.0,
            66.0,
            15.0,
            10.0,
            12.0,
            33.0,
            12.0,
            24.0,
            96.0,
            33.0,
            66.0,
            76.0,
            80.0,
            12.0,
            11.0,
            24.0,
            22.0,
            13.0,
            18.0,
            21.0,
            11.0,
            17.0,
            21.0,
            13.0,
            24.0
        ],
        "INS": [
            48.0,
            5867.0,
            30.0,
            58.0,
            72.0,
            80.0,
            18.0,
            22.0,
            78.0,
            80.0,
            74.0,
            18.0,
            38.0,
            4977.0,
            27.0,
            39.0,
            40.0,
            39.0,
            40.0,
            12.0,
            25.0,
            78.0,
            84.0,
            84.0,
            18.0,
            8855.0,
            6668.0,
            18.0,
            18.0,
            24.0,
            24.0,
            24.0,
            16622.0,
            90.0,
            99.0,
            99.0,
            78.0,
            81.0,
            74.0,
            15.0,
            12.0,
            4226.0,
            39.0,
            40.0,
            40.0,
            34.0
        ]
    },
    "pairwise_sim": [
        [
            null,
            0.0,
            0.4117647058823529,
            0.0,
            0.0,
            0.0,
            0.019230769230769232,
            0.017857142857142856,
            0.0,
            0.018518518518518517
        ],
        [
            0.0,
            null,
            0.0,
            0.0,
            0.0,
            0.0,
            0.0,
            0.0,
            0.0,
            0.0
        ],
        [
            0.4117647058823529,
            0.0,
            null,
            0.0,
            0.0,
            0.0,
            0.022727272727272728,
            0.020833333333333332,
            0.0,
            0.021739130434782608
        ],
        [
            0.0,
            0.0,
            0.0,
            null,
            0.0,
            0.0,
            0.0,
            0.0,
            0.0,
            0.0
        ],
        [
            0.0,
            0.0,
            0.0,
            0.0,
            null,
            0.0,
            0.0,
            0.0,
            0.0,
            0.0
        ],
        [
            0.0,
            0.0,
            0.0,
            0.0,
            0.0,
            null,
            0.0,
            0.0,
            0.0,
            0.0
        ],
        [
            0.019230769230769232,
            0.0,
            0.022727272727272728,
            0.0,
            0.0,
            0.0,
            null,
            0.0,
            0.0,
            0.0
        ],
        [
            0.017857142857142856,
            0.0,
            0.020833333333333332,
            0.0,
            0.0,
            0.0,
            0.0,
            null,
            0.0,
            0.3333333333333333
        ],
        [
            0.0,
            0.0,
            0.0,
            0.0,
            0.0,
            0.0,
            0.0,
            0.0,
            null,
            0.0
        ],
        [
            0.018518518518518517,
            0.0,
            0.021739130434782608,
            0.0,
            0.0,
            0.0,
            0.0,
            0.3333333333333333,
            0.0,
            null
        ]
    ],
    "iteration": 30,
    "samples": [
        1,
        2,
        3,
        4,
        5,
        6,
        7,
        8,
        9,
        10
    ],
    "similarity": 1.0,
    "filters": {
        "freq": 0.1,
        "depth": 250,
        "edgecut": [
            10000,
            270000
        ],
        "lencut": 2000
    }
}